brand,name,rating,rating_count,ingredients_cleaned
BenJerrys,Salted Caramel Core,3.7,208,"cream, skim milk, sugar syrup, water, brown sugar, sugar, milk, wheat flour, egg yolk, corn syrup, egg, butter, pectin, salt, soybean oil, vanilla, guar gum, soybean lecithin, baking powder, baking soda, carrageenan, lactase"
BenJerrys,Netflix & Chilll'd,4.0,127,"cream, skim milk, sugar syrup, water, sugar, peanut, wheat flour, canola oil, egg yolk, cornstarch, peanut oil, cocoa powder, salt, soybean oil, inverted sugar syrup, milk fat, egg, egg white, guar gum, soybean lecithin, tapioca, baking soda, carrageenan, vanilla, barley malt, malted barley flour"
BenJerrys,Chip Happens,4.7,130,"cream, sugar syrup, skim milk, water, sugar, cocoa powder, potato, coconut oil, corn syrup, soybean oil, egg yolk, rice starch, sunflower oil, barley malt, wheat flour, milk, salt, soybean lecithin, yeast extract, natural flavor, guar gum, milk fat, vanilla, enzymes, carrageenan, baking soda"
BenJerrys,Cannoli,3.6,70,"cream, skim milk, sugar syrup, water, corn syrup, coconut oil, sugar, cane syrup, egg yolk, wheat flour, milk, cocoa powder, natural flavor, guar gum, soybean lecithin, butter, locust bean gum, salt, citric acid, vanilla, soybean oil, tapioca, lactic acid, carrageenan"
BenJerrys,Gimme Smore!,4.5,281,"cream, skim milk, water, sugar syrup, sugar, canola oil, soybean oil, egg yolk, corn syrup, wheat flour, coconut oil, cornstarch, cocoa powder, graham flour, salt, egg white, butter, tapioca, guar gum, soybean lecithin, baking soda, natural flavor, molasses, honey, vanilla, pectin, caramel syrup, carrageenan"
BenJerrys,Peanut Butter Half Baked,4.9,14,"cream, sugar syrup, skim milk, water, sugar, wheat flour, peanut, cocoa powder, brown sugar, egg yolk, peanut oil, soybean oil, butter, inverted sugar syrup, salt, chocolate, egg, tapioca, peanut flour, peanut extract, vanilla, egg white, guar gum, cocoa butter, natural flavor, carrageenan, soybean lecithin, baking soda, malted barley flour"
BenJerrys,Berry Sweet Mascarpone,4.6,10,"cream, skim milk, water, sugar syrup, almonds, cane syrup, egg yolk, wheat flour, coconut oil, blackberry, butter, sugar, cocoa powder, soybean oil, corn syrup, salt, soybean lecithin, vanilla, egg, guar gum, milk, natural flavor, baking soda, tapioca, carrageenan, lactic acid, citric acid"
BenJerrys,Chocolate Peanut Butter Split,5.0,7,"cream, skim milk, sugar syrup, water, sugar, peanut, coconut oil, banana, cocoa powder, egg yolk, milk, guar gum, natural flavor, lemon, salt, soybean lecithin, vanilla, carrageenan"
BenJerrys,Justice Remix'd ,4.3,110,"cream, sugar syrup, skim milk, water, sugar, wheat flour, cane syrup, cocoa powder, egg yolk, soybean oil, inverted sugar syrup, butter, coconut oil, molasses, salt, egg, spices, baking soda, corn syrup, soybean lecithin, egg white, guar gum, cinnamon, natural flavor, carrageenan, vanilla, malted barley flour"
BenJerrys,Boots On The Moooon,4.7,42,"cream, sugar syrup, skim milk, water, sugar, cocoa powder, soybean oil, coconut oil, wheat flour, corn syrup, almonds, butter, egg yolk, vanilla, salt, natural flavor, egg, guar gum, soybean lecithin, milk, baking soda, carrageenan"
BenJerrys,Americone Dream,4.7,370,"cream, skim milk, sugar syrup, water, corn syrup, cane syrup, sugar, wheat flour, egg yolk, coconut oil, butter, cocoa powder, vanilla, natural flavor, soybean lecithin, salt, milk, carrageenan, guar gum, soybean oil, baking soda"
BenJerrys,Bourbon Pecan Pie,4.6,9,"cream, skim milk, sugar syrup, water, corn syrup, pecans, butter, wheat flour, egg yolk, sugar, cane syrup, whiskey, malt extract, soybean oil, salt, egg, caramel, peanut oil, guar gum, baking soda, carrageenan, soybean lecithin"
BenJerrys,Brewed To Matter,4.7,35,"cream, skim milk, sugar syrup, water, sugar, coffee, coconut oil, egg yolk, cocoa powder, wheat flour, butter, chocolate, corn syrup, canola oil, guar gum, soybean lecithin, salt, carrageenan, natural flavor, milk fat, baking soda, vanilla"
BenJerrys,Caramel Chocolate Cheesecake,4.0,133,"cream, skim milk, water, sugar syrup, sugar, corn syrup, canola oil, cream cheese, coconut oil, egg yolk, wheat flour, cane syrup, soybean oil, graham flour, egg, cocoa powder, natural flavor, guar gum, butter, whey, cornstarch, salt, soybean lecithin, tapioca, pectin, caramel syrup, baking soda, molasses, honey, carrageenan, vanilla"
BenJerrys,Cherry Garcia,4.4,153,"cream, skim milk, sugar syrup, water, cherry, sugar, egg yolk, coconut oil, cocoa powder, fruit, vegetable, guar gum, natural flavor, lemon, carrageenan, milk fat, soybean lecithin"
BenJerrys,Chillin' The Roast,3.3,172,"cream, skim milk, sugar syrup, water, sugar, coconut oil, egg yolk, butter, coffee, wheat flour, whey, cocoa powder, soybean oil, guar gum, natural flavor, salt, cornstarch, canola oil, rum, soybean lecithin, chocolate, baking soda, carrageenan"
BenJerrys,Chocolate Chip Cookie Dough,4.6,983,"cream, skim milk, sugar syrup, water, wheat flour, sugar, brown sugar, egg yolk, butter, soybean oil, egg, coconut oil, chocolate, vanilla, cocoa powder, salt, molasses, guar gum, cocoa butter, natural flavor, carrageenan, milk fat, soybean lecithin"
BenJerrys,Chocolate Fudge Brownie,3.4,204,"cream, sugar syrup, skim milk, water, sugar, cocoa powder, wheat flour, soybean oil, egg yolk, inverted sugar syrup, egg, egg white, guar gum, salt, carrageenan, vanilla, malted barley flour, sodium bicarbonate"
BenJerrys,Chocolate Shake It,3.9,111,"cream, skim milk, sugar syrup, water, corn syrup, wheat flour, sugar, egg yolk, cocoa powder, butter, barley malt, tapioca, egg white, milk, salt, guar gum, natural flavor, pectin, vanilla, enzymes, carrageenan, baking soda"
BenJerrys,Chocolate Therapy,4.8,72,"cream, sugar syrup, skim milk, water, cocoa powder, wheat flour, sugar, soybean oil, brown sugar, egg yolk, chocolate, honey, guar gum, cocoa butter, vanilla, salt, baking soda, natural flavor, soybean lecithin, carrageenan"
BenJerrys,Chubby Hubby,4.3,118,"cream, skim milk, sugar syrup, water, sugar, peanut, wheat flour, coconut oil, egg yolk, butter, peanut oil, barley malt, vanilla, milk, cocoa powder, salt, soybean lecithin, chocolate, soybean oil, guar gum, enzymes, baking soda, carrageenan"
BenJerrys,Chunky Monkey,4.4,108,"cream, skim milk, sugar syrup, water, sugar, walnuts, banana, coconut oil, egg yolk, cocoa powder, lemon, guar gum, natural flavor, milk fat, carrageenan, soybean lecithin, vanilla"
BenJerrys,Cinnamon Buns,4.6,83,"cream, skim milk, water, sugar syrup, sugar, cane syrup, wheat flour, corn syrup, egg yolk, brown sugar, soybean oil, butter, spices, coconut oil, molasses, salt, soybean lecithin, sodium bicarbonate, vanilla, guar gum, carrageenan"
BenJerrys,Coffee Coffee Buzzbuzzbuzz!,4.9,47,"cream, skim milk, sugar syrup, water, sugar, coconut oil, coffee, egg yolk, cocoa powder, soybean lecithin, guar gum, vanilla, carrageenan"
BenJerrys,Coffee Toffee Bar Crunch,2.9,302,"cream, skim milk, sugar syrup, water, sugar, coconut oil, coffee, egg yolk, butter, almonds, cocoa powder, milk, soybean lecithin, natural flavor, salt, vanilla, vegetable oil, guar gum, carrageenan"
BenJerrys,Cold Brew Caramel Latte,4.6,10,"cream, skim milk, water, sugar syrup, corn syrup, egg yolk, sugar, butter, coffee, salt, guar gum, caramel syrup, carrageenan, baking soda"
BenJerrys,Everything But The...,3.8,72,"cream, skim milk, sugar syrup, water, sugar, coconut oil, cocoa powder, egg yolk, peanut, almonds, cane syrup, butter, vanilla, milk, soybean lecithin, salt, guar gum, natural flavor, milk fat, vegetable oil, carrageenan, maltodextrin"
BenJerrys,Glampfire Trail Mix,4.7,68,"cream, sugar syrup, skim milk, water, cocoa powder, corn syrup, sugar, canola oil, wheat flour, cornstarch, almonds, cane syrup, coconut oil, egg yolk, salt, milk fat, egg white, soybean lecithin, butter, vanilla, guar gum, tapioca, natural flavor, pectin, soybean oil, baking soda, carrageenan, barley malt"
BenJerrys,Half Baked,4.7,887,"cream, sugar syrup, skim milk, water, sugar, wheat flour, brown sugar, cocoa powder, egg yolk, butter, egg, soybean oil, inverted sugar syrup, chocolate, vanilla, salt, egg white, guar gum, molasses, cocoa butter, natural flavor, carrageenan, soybean lecithin, baking soda, malted barley flour"
BenJerrys,Ice Cream Sammie,5.0,31,"cream, skim milk, sugar syrup, water, sugar, wheat flour, canola oil, egg yolk, cocoa powder, coconut oil, sunflower oil, butter, salt, baking soda, tapioca, natural flavor, guar gum, soybean lecithin, vanilla, carrageenan"
BenJerrys,Milk & Cookies,4.7,104,"cream, skim milk, sugar syrup, water, sugar, wheat flour, canola oil, egg yolk, brown sugar, butter, cocoa powder, coconut oil, chocolate, soybean oil, egg, salt, natural flavor, vanilla, tapioca, guar gum, honey, baking soda, cocoa butter, soybean lecithin, carrageenan"
BenJerrys,Mint Chocolate Cookie,4.4,141,"cream, skim milk, sugar syrup, water, sugar, wheat flour, egg yolk, coconut oil, cocoa powder, sunflower oil, salt, baking soda, guar gum, natural flavor, soybean lecithin, peppermint, carrageenan"
BenJerrys,Minter Wonderland,4.7,32,"cream, sugar syrup, skim milk, water, cocoa powder, sugar, corn syrup, canola oil, wheat flour, egg yolk, coconut oil, egg white, natural flavor, tapioca, guar gum, salt, pectin, soybean lecithin, baking soda, carrageenan"
BenJerrys,New York Super Fudge Chunk,4.9,63,"cream, sugar syrup, skim milk, water, cocoa powder, sugar, coconut oil, walnuts, pecans, almonds, cane syrup, egg yolk, milk fat, salt, soybean lecithin, vanilla, guar gum, butter, peanut oil, natural flavor, carrageenan"
BenJerrys,Oat Of This Swirled,4.5,255,"cream, skim milk, sugar syrup, water, sugar, canola oil, coconut oil, egg yolk, butter, cocoa powder, wheat flour, oats, brown sugar, spices, tapioca, salt, guar gum, soybean lecithin, vanilla, baking soda, natural flavor, lemon, carrageenan, milk fat"
BenJerrys,Peanut Butter Cup,4.4,41,"cream, skim milk, sugar syrup, water, peanut, sugar, coconut oil, egg yolk, peanut oil, milk, cocoa powder, salt, guar gum, natural flavor, soybean lecithin, vanilla, carrageenan"
BenJerrys,Peanut Butter World,4.9,69,"cream, sugar syrup, skim milk, water, peanut, sugar, cocoa powder, canola oil, peanut oil, wheat flour, coconut oil, egg yolk, salt, tapioca, guar gum, natural flavor, soybean lecithin, baking soda, carrageenan"
BenJerrys,Phish Food,4.8,93,"cream, water, skim milk, sugar syrup, corn syrup, sugar, cocoa powder, coconut oil, butter, egg yolk, egg white, vanilla, natural flavor, guar gum, pectin, salt, carrageenan, baking soda, milk, soybean lecithin"
BenJerrys,Pistachio Pistachio,4.0,80,"cream, skim milk, sugar syrup, water, pistachio, egg yolk, sugar, coconut oil, guar gum, salt, natural flavor, carrageenan"
BenJerrys,Pumpkin Cheesecake,4.6,58,"cream, skim milk, water, sugar syrup, sugar, pumpkin, soybean oil, egg yolk, cornstarch, cream cheese, wheat flour, graham flour, salt, butter, canola oil, tapioca, guar gum, cinnamon, lactic acid, molasses, honey, soybean lecithin, baking soda, natural flavor, nutmeg, ginger, lemon, cloves, artificial color, carrageenan"
BenJerrys,"Red, White & Blueberry",3.4,39,"cream, skim milk, water, sugar syrup, blueberry, strawberry, egg yolk, wheat flour, cane syrup, sugar, butter, raspberry, soybean oil, vanilla, egg, guar gum, baking soda, salt, carrageenan, lemon"
BenJerrys,S'mores,4.1,151,"cream, sugar syrup, skim milk, water, sugar, cocoa powder, soybean oil, corn syrup, cornstarch, coconut oil, wheat flour, graham flour, egg yolk, salt, butter, egg white, canola oil, guar gum, tapioca, molasses, honey, soybean lecithin, sodium bicarbonate, vanilla, pectin, milk fat, carrageenan, natural flavor"
BenJerrys,Salted Caramel Almond,4.5,23,"cream, skim milk, sugar syrup, water, sugar, almonds, milk, egg yolk, coconut oil, corn syrup, cocoa powder, butter, pectin, salt, guar gum, vanilla, soybean lecithin, baking soda, milk fat, carrageenan, lactase, natural flavor"
BenJerrys,Strawberry Cheesecake,4.7,231,"cream, skim milk, water, sugar syrup, sugar, strawberry, soybean oil, egg yolk, cornstarch, cream cheese, wheat flour, graham flour, salt, butter, canola oil, guar gum, natural flavor, tapioca, molasses, honey, lactic acid, soybean lecithin, sodium bicarbonate, lemon, pectin, carrageenan"
BenJerrys,The Tonight Dough,4.7,639,"cream, sugar syrup, skim milk, water, wheat flour, sugar, cocoa powder, brown sugar, canola oil, egg yolk, peanut butter, corn syrup, egg, butter, coconut oil, soybean oil, salt, chocolate, natural flavor, tapioca, guar gum, baking soda, soybean lecithin, molasses, cocoa butter, carrageenan"
BenJerrys,Triple Caramel Chunk,4.3,16,"cream, skim milk, water, sugar syrup, corn syrup, sugar, egg yolk, coconut oil, butter, milk, cocoa powder, salt, guar gum, carrageenan, vanilla, baking soda, soybean lecithin, natural flavor"
BenJerrys,Urban Bourbon,4.2,181,"cream, skim milk, water, sugar syrup, corn syrup, sugar, almonds, coconut oil, egg yolk, cocoa powder, butter, whiskey, caramel syrup, malt extract, guar gum, salt, carrageenan, baking soda, milk fat, soybean lecithin, vanilla, natural flavor"
BenJerrys,Vanilla,4.7,10,"cream, skim milk, sugar syrup, water, egg yolk, sugar, guar gum, vanilla, carrageenan"
BenJerrys,Vanilla Caramel Fudge,4.8,29,"cream, skim milk, sugar syrup, water, corn syrup, sugar, butter, egg yolk, vanilla, cocoa powder, salt, carrageenan, chocolate, guar gum, baking soda"
BenJerrys,Boom Chocolatta Cookie Core,4.6,97,"cream, skim milk, sugar syrup, water, sugar, soybean oil, cocoa powder, egg yolk, butter, coffee, corn syrup, rice flour, potato flour, wheat flour, coconut oil, brown sugar, vanilla, baking soda, salt, natural flavor, soybean lecithin, egg, chocolate, cocoa butter, milk, whey, guar gum, carrageenan, milk fat"
BenJerrys,Chocolate Chip Cookie Dough Core,1.8,166,"cream, skim milk, water, sugar syrup, sugar, soybean oil, egg yolk, wheat flour, coconut oil, chocolate, butter, cocoa powder, corn syrup, natural flavor, egg, molasses, salt, guar gum, brown sugar, vanilla, soybean lecithin, carrageenan, baking soda, cocoa butter"
BenJerrys,Sweet Like Sugar Cookie Dough Core,4.8,123,"cream, skim milk, water, sugar syrup, sugar, cherry, soybean oil, wheat flour, egg yolk, butter, cane syrup, egg, natural flavor, coconut oil, salt, guar gum, fruit, vegetable, lemon, carrageenan, baking soda, almond extract"
BenJerrys,"Wake & "" No Bake "" Cookie Dough Core",3.3,68,"cream, skim milk, sugar syrup, water, sugar, soybean oil, peanut, egg yolk, oats, wheat flour, butter, coconut oil, peanut oil, cocoa powder, natural flavor, salt, brown sugar, egg, vanilla, guar gum, baking soda, carrageenan, milk fat, soybean lecithin"
BenJerrys,Brownie Batter Core,3.5,108,"cream, sugar syrup, skim milk, water, sugar, cocoa powder, egg yolk, wheat flour, butter, chocolate, coconut oil, corn syrup, soybean oil, inverted sugar syrup, egg, canola oil, salt, guar gum, egg white, carrageenan, natural flavor, soybean lecithin, baking soda, vanilla, malted barley flour"
BenJerrys,Cookies & Cream Cheesecake Core,4.4,57,"cream, sugar syrup, skim milk, water, sugar, cocoa powder, wheat flour, egg yolk, butter, cream cheese, whey, coconut oil, brown sugar, egg, natural flavor, salt, guar gum, carob bean gum, cornstarch, soybean lecithin, xanthan gum, baking soda, vanilla, carrageenan"
BenJerrys,Karamel Sutra Core,4.2,94,"cream, skim milk, sugar syrup, water, sugar, milk, corn syrup, cocoa powder, egg yolk, coconut oil, butter, milk fat, pectin, guar gum, baking soda, lactase, soybean lecithin, vanilla, salt, carrageenan, natural flavor"
BenJerrys,Peanut Butter Fudge Core,4.7,19,"cream, skim milk, sugar syrup, water, peanut, sugar, coconut oil, cocoa powder, corn syrup, cane syrup, egg yolk, peanut oil, milk, salt, guar gum, soybean lecithin, carrageenan, natural flavor, vanilla"
HaagenDazs,White Chocolate Raspberry Truffle Ice Cream,4.9,168,"cream, skim milk, sugar, raspberry, corn syrup, egg yolk, coconut oil, soybean oil, cocoa powder, natural flavor, lemon, pectin, cocoa butter, salt, vanilla"
HaagenDazs,Banana Peanut Butter Chip Ice Cream,4.7,80,"cream, skim milk, sugar, peanut, banana, egg yolk, coconut oil, peanut oil, cocoa powder, butter, soybean lecithin, salt, natural flavor, milk"
HaagenDazs,Bourbon Praline Pecan Ice Cream,4.1,191,"cream, skim milk, sugar, brown sugar, egg yolk, pecans, corn syrup, molasses, sweetened condensed milk, maple syrup, butter, natural flavor, pectin, salt, cornstarch, baking soda, caramel, bourbon"
HaagenDazs,Bourbon Vanilla Bean Truffle Ice Cream,4.0,89,"cream, skim milk, sugar, honey, egg yolk, brown sugar, molasses, coconut oil, soybean oil, cocoa powder, bourbon, cornstarch, vanilla, natural flavor, pectin, soybean lecithin"
HaagenDazs,Butter Pecan Ice Cream,4.3,111,"cream, skim milk, sugar, pecans, corn syrup, egg yolk, coconut oil, salt, butter, vanilla"
HaagenDazs,Caramel Soft Dipped Ice Cream Bar,4.9,8,"cream, skim milk, sugar, egg yolk, condensed milk, corn syrup, salt, pectin, baking soda, vanilla"
HaagenDazs,Caramel Cone Ice Cream,4.7,185,"cream, skim milk, sugar, egg yolk, condensed milk, milk, corn syrup, butter, salt, pectin, natural flavor, cone, wheat flour, soybean oil, soybean lecithin, coconut oil, cocoa powder, water, baking soda"
HaagenDazs,Caramel Cone Ice Cream Bar,4.8,23,"cream, skim milk, sugar, egg yolk, chocolate, milk powder, cocoa butter, soybean lecithin, vanilla, corn syrup, condensed milk, water, butter, salt, pectin, wheat flour, soybean oil"
HaagenDazs,Cherry Vanilla Ice Cream,4.2,26,"cream, skim milk, sugar, black cherry, egg yolk, cherry, vanilla, apple, natural flavor, lemon, pectin"
HaagenDazs,Chocolate Ice Cream,4.9,90,"cream, skim milk, sugar, cocoa powder, egg yolk"
HaagenDazs,Chocolate Soft Dipped Ice Cream Bar,2.6,25,"cream, skim milk, sugar, cocoa powder, egg yolk"
HaagenDazs,Chocolate Chip Cookie Dough Ice Cream,3.3,29,"cream, skim milk, sugar, wheat flour, brown sugar, molasses, butter, salt, egg yolk, coconut oil, vanilla, cocoa powder, corn oil, fructose, corn syrup, cornstarch, soybean lecithin, baking soda, natural flavor, milk"
HaagenDazs,Chocolate Chocolate Chip Ice Cream,4.7,46,"cream, skim milk, sugar, chocolate, cocoa powder, egg yolk, cocoa butter, vanilla"
HaagenDazs,Chocolate Dark Chocolate Ice Cream Bar,4.5,22,"cream, skim milk, sugar, cocoa powder, chocolate, soybean lecithin, vanilla, coconut oil, soybean oil"
HaagenDazs,Chocolate Fudge Non-dairy Bar,5.0,22,"water, sugar, corn syrup, chocolate, coconut oil, cornstarch, cocoa butter, sunflower oil, cocoa powder, soybean oil, soybean lecithin, pectin, vanilla, salt, sunflower lecithin"
HaagenDazs,Chocolate Peanut Butter Ice Cream,4.2,173,"cream, skim milk, sugar, peanut, egg yolk, chocolate, cocoa powder, peanut oil, salt"
HaagenDazs,Chocolate Salted Fudge Truffle Non-dairy,4.8,97,"water, sugar, corn syrup, belgian chocolate, cornstarch, cocoa powder, sunflower oil, coconut oil, soybean oil, soybean lecithin, pectin, vanilla, salt, natural flavor, sunflower lecithin"
HaagenDazs,Chocolate Sea Salt Caramel Heaven Light Ice Cream,4.1,13,"skim milk, sugar, cream, cocoa powder, egg yolk, corn syrup, condensed milk, butter, salt, pectin, sunflower lecithin, baking soda, vitamin a palmitate"
HaagenDazs,Coconut Caramel Non-dairy,4.9,11,"coconut, corn syrup, water, sugar, pectin"
HaagenDazs,Coconut Caramel Chocolate Trio Crispy Layers,4.6,26,"skim milk, sugar, egg yolk, coconut, cornstarch, natural flavor, lemon, cream, cocoa powder, coconut oil, soybean lecithin, corn syrup, condensed milk, water, butter, salt, pectin"
HaagenDazs,Coconut Caramel Dark Chocolate Non-dairy Bar,4.6,31,"coconut, water, corn syrup, sugar, chocolate, soybean lecithin, vanilla, coconut oil, brown sugar, pectin, salt"
HaagenDazs,Coffee Ice Cream,4.6,173,"cream, skim milk, sugar, egg yolk, coffee"
HaagenDazs,Coffee Almond Crunch Ice Cream Bar,4.3,42,"cream, skim milk, sugar, egg yolk, chocolate, milk powder, cocoa butter, soybean lecithin, vanilla, coconut oil, almonds, safflower oil, toffee, corn syrup, butter, salt, brown sugar, baking soda"
HaagenDazs,Coffee Chip Ice Cream,3.1,111,"cream, skim milk, sugar, cornstarch, egg yolk, coconut oil, coffee, cocoa powder, butter, soybean lecithin, natural flavor, milk"
HaagenDazs,Coffee Vanilla Chocolate Trio Crispy Layers,4.4,48,"cream, skim milk, sugar, egg yolk, vanilla, coffee, coconut oil, milk powder, cocoa butter, soybean lecithin"
HaagenDazs,Cold Brew Espresso Chip Heaven Light Ice Cream,4.5,18,"skim milk, cream, sugar, chocolate, cocoa butter, milk fat, soybean lecithin, vanilla, egg yolk, coconut oil, coffee, vitamin a palmitate"
HaagenDazs,Cookies And Cream Ice Cream,4.6,23,"cream, skim milk, sugar, egg yolk, wheat flour, vanilla, cocoa powder, coconut oil, baking soda, chocolate, salt"
HaagenDazs,Double Belgian Chocolate Chip Ice Cream,4.8,158,"cream, skim milk, chocolate, sugar, egg yolk, cocoa powder, vanilla"
HaagenDazs,Dulce De Leche Cookie Squares,3.9,35,"cream, skim milk, sugar, condensed milk, egg yolk, corn syrup, baking soda, salt, vanilla"
HaagenDazs,Dulce De Leche Ice Cream,4.8,209,"cream, skim milk, sugar, condensed milk, egg yolk, corn syrup, coconut oil, pectin, soybean lecithin, salt, baking soda, vanilla"
HaagenDazs,Green Tea Ice Cream,4.2,109,"cream, skim milk, sugar, egg yolk, green tea"
HaagenDazs,Honey Salted Caramel Almond Ice Cream,5.0,103,"cream, skim milk, sugar, condensed milk, corn syrup, egg yolk, honey, butter, salt, safflower oil, vanilla, pectin, baking soda"
HaagenDazs,Irish Cream Cookie Squares,4.9,14,"cream, skim milk, sugar, corn syrup, egg yolk, coffee, bourbon, cocoa powder, salt, chocolate, soybean lecithin, vanilla, coconut oil, wheat flour, palm oil, molasses, baking soda, cornstarch, sunflower oil, cocoa butter"
HaagenDazs,Irish Cream Brownie Ice Cream,4.3,85,"cream, skim milk, sugar, corn syrup, cornstarch, egg yolk, sunflower oil, cocoa powder, wheat flour, soybean oil, coffee, egg, salt, natural flavor, sunflower lecithin, baking soda"
HaagenDazs,Lemon Sorbet,4.8,17,"water, sugar, corn syrup, lemon, pectin, natural flavor, citric acid"
HaagenDazs,Lemon Raspberry White Chocolate Trio Crispy Layers,4.3,51,"cream, skim milk, sugar, raspberry, egg yolk, lemon, natural flavor, corn syrup, cocoa butter, milk powder, coconut oil, soybean lecithin, water, pectin"
HaagenDazs,Mango Ice Cream,4.8,44,"cream, skim milk, sugar, mango, corn syrup, egg yolk, pectin, orange, natural flavor, lemon"
HaagenDazs,Mango Sorbet,4.6,20,"water, sugar, mango, natural flavor, carrot, lemon, pumpkin, pectin"
HaagenDazs,Mint Chip Ice Cream,3.4,35,"cream, skim milk, sugar, corn syrup, egg yolk, coconut oil, cocoa powder, butter, soybean lecithin, natural flavor, salt, milk"
HaagenDazs,Peanut Butter Cookie Squares,4.4,14,"cream, skim milk, sugar, peanut, egg yolk, peanut oil, coconut oil, chocolate, milk powder, cocoa butter, soybean lecithin, vanilla, wheat flour, palm oil, corn syrup, cocoa powder, molasses, baking soda, salt, soybean oil"
HaagenDazs,Peanut Butter Chip Heaven Light Ice Cream,2.7,25,"skim milk, cream, sugar, peanut, egg yolk, chocolate, cocoa butter, peanut oil, vanilla, salt, vitamin a palmitate"
HaagenDazs,Peanut Butter Chocolate Fudge Non-dairy,4.6,24,"water, corn syrup, sugar, peanut, cornstarch, sunflower oil, cocoa powder, peanut oil, coconut oil, pectin, salt, sunflower lecithin"
HaagenDazs,Peanut Butter Chocolate Fudge Non-dairy Bar,4.8,32,"water, corn syrup, sugar, peanut, peanut oil, coconut oil, pectin, salt"
HaagenDazs,Peppermint Bark Ice Cream,5.0,31,"peppermint, coconut oil, cocoa powder, milk powder, butter, soybean lecithin, natural flavor, salt, corn syrup, vegetable, palm oil"
HaagenDazs,Peppermint Bark Ice Cream Bar,5.0,8,"cream, skim milk, sugar, corn syrup, egg yolk, natural flavor, cocoa butter"
HaagenDazs,Pineapple Coconut Ice Cream,4.5,105,"cream, skim milk, sugar, pineapple, egg yolk, natural flavor, rum, salt"
HaagenDazs,Pistachio Ice Cream,3.8,64,"cream, skim milk, sugar, corn syrup, egg yolk, salt"
HaagenDazs,Raspberry Sorbet,4.5,14,"water, sugar, raspberry, corn syrup, pectin, lemon"
HaagenDazs,Rocky Road Ice Cream,4.6,29,"cream, skim milk, sugar, corn syrup, cocoa powder, egg yolk, cornstarch, safflower oil, egg white, cream of tartar, salt, pectin, natural flavor"
HaagenDazs,Ros√© & Cream Ice Cream,4.4,23,"cream, skim milk, sugar, egg yolk, grape, natural flavor, citric acid, wine, salt, pectin"
HaagenDazs,Ruby Cacao Ice Cream Bar,3.5,31,"cream, skim milk, sugar, cocoa butter, milk powder, egg yolk, chocolate, milk fat, citric acid, soybean lecithin"
HaagenDazs,Ruby Cacao Crackle Pistachio Sweet Cream Trio Crispy Layers,4.0,46,"cream, skim milk, sugar, corn syrup, egg yolk, cocoa butter, milk powder, pistachio, chocolate, milk fat, natural flavor, soybean lecithin, citric acid, vegetablecolor"
HaagenDazs,Rum Raisin Ice Cream,3.5,129,"cream, skim milk, sugar, raisins, egg yolk, rum"
HaagenDazs,Rum Tres Leches Ice Cream,4.0,97,"cream, skim milk, sugar, condensed milk, egg yolk, corn syrup, wheat flour, palm oil, rum, egg, coconut oil, pectin, soybean lecithin, salt, soybean oil, baking soda, natural flavor, cornstarch"
HaagenDazs,Salted Caramel Chocolate Trio Crispy Layers,3.4,55,"cream, skim milk, sugar, cocoa powder, condensed milk, milk, corn syrup, egg yolk, caramel, water, salt, baking soda, soybean lecithin, vanilla, coconut oil, milk powder, cocoa butter"
HaagenDazs,Strawberry Ice Cream,4.8,108,"cream, skim milk, strawberry, sugar, egg yolk"
HaagenDazs,Strawberry Waffle Cone Heaven Light Ice Cream,4.2,18,"sugar, skim milk, strawberry, cream, chocolatey coated cone, coconut oil, waffle cone pieces, wheat flour, soybean oil, soybean lecithin, natural flavor, salt, cocoa powder, vanilla, egg yolk, pectin, vitamin a palmitate"
HaagenDazs,Triple Chocolate Trio Crispy Layers,3.9,52,"cream, skim milk, sugar, egg yolk, cocoa butter, cocoa powder, coconut oil, soybean lecithin, vanilla"
HaagenDazs,Vanilla Cookie Squares,4.3,32,"cream, skim milk, sugar, egg yolk, chocolate, soybean lecithin, vanilla, coconut oil, wheat flour, palm oil, cocoa powder, corn syrup, molasses, baking soda, salt, milk powder, cocoa butter"
HaagenDazs,Vanilla Ice Cream,3.0,228,"cream, skim milk, sugar, egg yolk, vanilla"
HaagenDazs,Vanilla Soft Dipped Ice Cream Bar,4.4,13,"cream, skim milk, sugar, egg yolk, vanilla"
HaagenDazs,Vanilla Bean Ice Cream,4.5,115,"cream, skim milk, sugar, egg yolk, vanilla"
HaagenDazs,Vanilla Blackberry Chocolate Trio Crispy Layers,4.3,74,"cream, skim milk, sugar, egg yolk, natural flavor, lemon, coconut oil, soybean lecithin"
HaagenDazs,Vanilla Caramel White Chocolate Trio Crispy Layers,5.0,32,"cream, skim milk, sugar, condensed milk, corn syrup, egg yolk, caramel, water, salt, baking soda, soybean lecithin, vanilla, cocoa butter, milk powder, coconut oil, butter, pectin"
HaagenDazs,Vanilla Chocolate Chip Ice Cream,4.5,46,"cream, skim milk, sugar, chocolate, corn syrup, egg yolk, cocoa butter, salt, vanilla"
HaagenDazs,Vanilla Milk Chocolate Ice Cream Bar,4.6,76,"cream, skim milk, sugar, egg yolk, vanilla, chocolate, milk powder, cocoa butter, soybean lecithin, coconut oil"
HaagenDazs,Vanilla Milk Chocolate Almond Ice Cream Bar,2.5,224,"cream, skim milk, sugar, egg yolk, chocolate, milk powder, cocoa butter, soybean lecithin, vanilla, almonds, safflower oil, coconut oil"
HaagenDazs,Vanilla Swiss Almond Ice Cream,4.3,129,"cream, skim milk, sugar, corn syrup, egg yolk, chocolate, cocoa butter, salt"
HaagenDazs,Whiskey Hazelnut Latte Ice Cream,4.5,11,"cream, skim milk, sugar, egg yolk, brown sugar, coffee, molasses, natural flavor, cornstarch, soybean oil, cocoa powder, cocoa butter, soybean lecithin, chocolate, milk fat, vanilla, coconut oil"
HaagenDazs,White Chocolate Raspberry Ice Cream Bar,3.9,11,"cream, skim milk, sugar, egg yolk, cocoa butter, natural flavor, chocolate, vegetable oil, milk powder, soybean lecithin, vanilla, coconut oil, raspberry, water, lemon, pectin, soybean oil"
Talenti,Alphonso Mango Sorbetto,4.7,139,"mango, water, sugar, dextrose, lemon, carob bean gum"
Talenti,Banana Caramel Crunch,4.2,25,"milk, banana, sugar, wheat flour, cream, skim milk, egg yolk, water, egg white, coconut oil, corn syrup, lemon, egg, carob bean gum, baking soda, vanilla, natural flavor, salt"
Talenti,Belgian Chocolate Gelato,4.8,27,"milk, sugar, cream, egg, egg yolk, dextrose, chocolate, cocoa powder, cocoa butter, carob bean gum, soybean lecithin, natural flavor"
Talenti,Black Raspberry Chocolate Chip Gelato,4.0,105,"milk, sugar, cream, black raspberry, dextrose, chocolate, coconut oil, carob bean gum, soybean oil, vanilla, soybean lecithin"
Talenti,Black Raspberry Vanilla Parfait,4.5,65,"milk, sugar, cream, black raspberry, oats, coconut oil, wheat flour, water, tapioca, brown sugar, blueberry, dextrose, natural flavor, sunflower lecithin, carob bean gum, guar gum, vanilla, pectin, red cabbage, salt"
Talenti,Caramel Apple Pie Gelato,4.8,115,"milk, sugar, cream, dextrose, skim milk, wheat flour, cinnamon, apple, corn syrup, vanilla, carob bean gum, coconut oil, baking soda, egg, salt"
Talenti,Caramel Cookie Crunch Gelato,4.2,334,"milk, sugar, cream, skim milk, coconut, palm oil, soybean oil, dextrose, cocoa powder, flour, corn syrup, sunflower lecithin, carob bean gum, vanilla, guar gum, baking soda, cane syrup, soybean lecithin, natural flavor, cornstarch, salt"
Talenti,Caribbean Coconut Gelato,4.5,112,"milk, sugar, cream, coconut, dextrose, carob bean gum, vanilla, salt"
Talenti,Chocolate Cherry Cheesecake,4.3,77,"milk, sugar, cream cheese, cream, chocolate, egg yolk, egg white, wheat flour, water, dextrose, cherry, coconut oil, milk fat, cocoa butter, wheat bran, lemon, natural flavor, honey, vanilla, carob bean gum, soybean lecithin, baking soda, salt, wheat germ"
Talenti,Chocolate Chip Cookie Dough Gelato,2.8,104,"milk, sugar, cream, wheat flour, dextrose, skim milk, chocolate, vanilla, egg, cocoa powder, molasses, soybean oil, carob bean gum, rice flour, natural flavor, salt, cocoa butter, lemon peel, soybean lecithin"
Talenti,Chocolate Peanut Butter Cup Gelato,4.4,77,"milk, sugar, peanut, cream, egg, egg yolk, dextrose, coconut oil, chocolate, cocoa powder, cocoa butter, skim milk, salt, carob bean gum, soybean lecithin, natural flavor, vanilla"
Talenti,Coconut Almond Chocolate Gelato,4.8,82,"milk, sugar, cream, chocolate, almonds, coconut, dextrose, soybean, sunflower oil, salt, carob bean gum, soybean lecithin, vanilla, natural flavor"
Talenti,Coconut Chocolate Cookie,4.3,29,"water, sugar, coconut, coconut oil, wheat flour, dextrose, cocoa powder, oats, chocolate, brown sugar, canola oil, carob bean gum, natural flavor, salt, sunflower lecithin, pectin, guar gum, baking soda, soybean lecithin"
Talenti,Coffee Chocolate Chip Gelato,4.5,108,"milk, sugar, egg yolk, egg, cream, dextrose, chocolate, coffee, coconut oil, carob bean gum, soybean oil, natural flavor, soybean lecithin"
Talenti,Coffee Cookie Crumble,4.4,26,"milk, sugar, cream, chocolate, egg yolk, water, wheat flour, corn syrup, skim milk, dextrose, cocoa powder, palm oil, natural flavor, milk fat, coffee, cocoa butter, vanilla, egg white, soybean lecithin, carob bean gum, sunflower lecithin, pectin, lemon, molasses, baking soda, salt, guar gum, lemon peel"
Talenti,Cold Brew Coffee Sorbetto,4.5,131,"water, sugar, egg yolk, egg white, coconut oil, almonds, coffee, dextrose, carob bean gum, vanilla"
Talenti,Dark Chocolate Cherry,4.2,48,"milk, sugar, cream, egg yolk, egg white, chocolate, cocoa powder, coconut oil, dextrose, water, cherry, canola oil, vermouth, milk fat, cocoa butter, whey, lemon, vanilla, carob bean gum, soybean lecithin, salt, natural flavor"
Talenti,Dark Chocolate Sorbetto,4.2,41,"water, sugar, cocoa powder, dextrose, coconut oil, egg yolk, egg white, chocolate, carob bean gum, salt, natural flavor, pectin"
Talenti,Double Dark Chocolate Gelato,4.3,50,"milk, sugar, cream, chocolate, egg, egg yolk, dextrose, cocoa powder, vermouth, milk fat, cocoa butter, carob bean gum, soybean lecithin, vanilla"
Talenti,Fudge Brownie Gelato,4.7,34,"milk, sugar, cream, egg, egg yolk, chocolate, dextrose, cocoa powder, wheat flour, palm oil, skim milk, fructose, brown sugar, carob bean gum, soybean oil, salt, natural flavor, soybean lecithin, cornstarch"
Talenti,Hazelnut Chocolate Chip Gelato,4.3,72,"milk, sugar, cream, hazelnuts, chocolate, dextrose, milk fat, cocoa butter, carob bean gum, vanilla, xanthan gum, soybean lecithin"
Talenti,Key Lime Pie Gelato,3.6,208,"milk, sugar, cream, dextrose, wheat flour, cottonseed oil, wheat graham flour, coconut oil, canola oil, carob bean gum, vanilla, palm oil, wheat bran, honey, natural flavor, salt, molasses, soybean lecithin, wheat germ, cinnamon"
Talenti,Lemon Berry Pie,4.2,31,"milk, sugar, cream, lemon, wheat flour, tapioca, water, coconut oil, blueberry, dextrose, egg yolk, palm oil, natural flavor, wheat bran, egg, carob bean gum, guar gum, salt, baking soda, lemon peel, wheat germ, soybean lecithin, pectin, red cabbage"
Talenti,Madagascan Vanilla Bean Gelato,3.9,198,"milk, sugar, cream, dextrose, vanilla, sunflower lecithin, carob bean gum, guar gum, natural flavor, lemon peel"
Talenti,Mediterranean Mint Gelato,4.7,324,"milk, sugar, cream, chocolate, dextrose, milk fat, cocoa butter, sunflower lecithin, carob bean gum, natural flavor, guar gum, vanilla, soybean lecithin, mint leaf extractives"
Talenti,Mint Fudge Cookie,4.7,52,"milk, sugar, cream, coconut oil, wheat flour, cocoa powder, skim milk, water, dextrose, chocolate, canola oil, palm oil, soybean oil, butter, natural flavor, sunflower lecithin, soybean lecithin, carob bean gum, cane syrup, guar gum, baking soda, salt, cornstarch, vanilla, mint leaf extractives"
Talenti,Old World Eggnog Gelato,4.6,33,"milk, sugar, cream, dextrose, egg yolk, carob bean gum, vanilla, nutmeg, natural flavor"
Talenti,Organic Brown Butter Caramel,4.5,20,"skim milk, sugar, cream, milk, butter"
Talenti,Organic Chocolate Mousse Gelato,4.3,13,"skim milk, sugar, cream, milk, egg white, egg yolk, dextrose, chocolate, cocoa powder, water, butter, carob bean gum"
Talenti,Organic Ginger Matcha Gelato,4.7,21,"skim milk, cream, sugar, dextrose, ginger, matcha green tea, green tea, carob bean gum, vanilla, lemon"
Talenti,Organic Oak-aged Vanilla Gelato,4.8,19,"skim milk, cream, sugar, dextrose, oakwood extract, carob bean gum, vanilla"
Talenti,Pacific Coast Pistachio Gelato,4.5,201,"milk, sugar, cream, pistachio, dextrose, carob bean gum, natural flavor, vanilla"
Talenti,Peanut Butter Fudge Sorbetto,4.7,77,"water, peanut, sugar, dextrose, salt, cocoa powder, corn syrup, coconut oil, chocolate, cornstarch, vanilla, carob bean gum, guar gum, xanthan gum"
Talenti,Peanut Butter Vanilla Fudge,4.6,38,"milk, sugar, cream, peanut, coconut oil, wheat flour, skim milk, water, cocoa powder, butter, chocolate, dextrose, peanut oil, brown sugar, egg, natural flavor, salt, sunflower lecithin, vanilla, carob bean gum, baking soda, guar gum, soybean lecithin"
Talenti,Peppermint Bark Gelato,4.4,71,"milk, sugar, cream, chocolate, dextrose, cocoa butter, coconut, soybean oil, vanilla, carob bean gum, soybean lecithin, natural flavor"
Talenti,Pumpkin Pie,4.6,63,"milk, sugar, cream, wheat flour, pumpkin, water, butter, brown sugar, coconut oil, dextrose, tapioca, egg, sunflower lecithin, cinnamon, natural flavor, carob bean gum, salt, carrot powder, nutmeg, guar gum, vanilla"
Talenti,Raspberry Cheesecake Gelato,3.9,76,"milk, sugar, cream, cream cheese, corn syrup, flour, balsamic vinegar, egg, wheat graham flour, raspberry, vanilla, carob bean gum, modified cornstarch, palm oil, brown sugar, natural flavor, artificial color, carrageenan, honey, salt, soybean lecithin"
Talenti,Roman Raspberry Sorbetto,4.7,161,"raspberry, water, sugar, dextrose, lemon, carob bean gum"
Talenti,Salted Caramel Truffle,4.7,160,"milk, sugar, skim milk, cream, water, coconut oil, corn syrup, egg, egg yolk, cocoa powder, wheat flour, dextrose, palm oil, soybean oil, baking soda, vanilla, carob bean gum, sunflower lecithin, salt, soybean lecithin, natural flavor, cane syrup, butter, guar gum, cornstarch"
Talenti,Sea Salt Caramel Gelato,4.1,146,"milk, skim milk, sugar, cream, egg yolk, egg, corn syrup, coconut oil, dextrose, cocoa powder, salt, carob bean gum, vanilla, soybean lecithin, natural flavor"
Talenti,Southern Butter Pecan Gelato,4.2,125,"milk, sugar, cream, pecans, egg yolk, egg, dextrose, skim milk, molasses, corn syrup, carob bean gum, cottonseed oil, vanilla, salt, natural flavor"
Talenti,Strawberry Hibiscus Sorbetto,4.4,14,"water, strawberry, sugar, dextrose, corn syrup, lemon, hibiscus, carob bean gum, lime, pectin, vegetable"
Talenti,Vanilla Blueberry Crumble Gelato,3.9,70,"milk, sugar, cream, tapioca, dextrose, oats, coconut oil, wheat flour, blueberry, vanilla, brown sugar, natural flavor, carob bean gum, pectin, guar gum, artificial color, salt, citric acid, lemon peel"
Talenti,Vanilla Caramel Swirl Gelato,3.6,38,"milk, sugar, cream, skim milk, dextrose, vanilla, corn syrup, carob bean gum, natural flavor, lemon peel"
Talenti,Vanilla Fudge Cookie,4.3,114,"milk, sugar, skim milk, cream, water, coconut oil, corn syrup, egg, egg yolk, cocoa powder, wheat flour, dextrose, palm oil, soybean oil, baking soda, vanilla, carob bean gum, sunflower lecithin, salt, soybean lecithin, natural flavor, cane syrup, butter, guar gum, cornstarch"
Breyers,Natural Vanilla,4.1,467,"milk, cream, sugar, vegetable gum, natural flavor"
Breyers,Homemade Vanilla,4.4,98,"milk, cream, sugar, corn syrup, whey, egg yolk, vegetable gum, carob bean gum, tara gum, guar gum, monoglycerides, diglycerides, salt, natural flavor, artificial color"
Breyers,Extra Creamy Vanilla,4.4,59,"milk, sugar, corn syrup, cream, whey, vegetable gum, carob bean gum, guar gum, tara gum, monoglycerides, diglycerides, natural flavor, artificial color, vitamin a palmitate"
Breyers,Chocolate,4.7,225,"milk, cream, sugar, cocoa powder, whey, vegetable gum, natural flavor"
Breyers,Natural Strawberry,4.5,123,"milk, strawberry, cream, sugar, whey, vegetable gum"
Breyers,Mint Chocolate Chip,4.0,154,"milk, cream, sugar, coconut oil, whey, cocoa powder, vegetable gum, natural flavor, soybean lecithin"
Breyers,Vanilla Chocolate Strawberry,4.5,74,"milk, cream, sugar, strawberry, whey, cocoa powder, vegetable gum, tara gum, carob bean gum, natural flavor"
Breyers,Delights Creamy Chocolate,4.4,176,"skim milk, soluble corn fiber, erythritol, whey, cocoa powder, cream, sugar, vegetable gum, guar gum, carob bean gum, artificial color, vitamin a palmitate"
Breyers,Delights Mint Chip,3.3,115,"skim milk, soluble corn fiber, erythritol, chocolate, maltitol syrup, cocoa butter, soybean lecithin, vanilla, milk, whey, cream, sugar, vegetable gum, guar gum, carob bean gum, artificial color, natural flavor, vitamin a palmitate"
Breyers,Delights Cookies & Cream,3.9,93,"skim milk, soluble corn fiber, erythritol, whey, sugar, cream, wheat flour, palm oil, cocoa powder, vegetable gum, guar gum, carob bean gum, natural flavor, salt, sodium bicarbonate, soybean lecithin, artificial color, vitamin a palmitate"
Breyers,Delights Vanilla Bean,4.2,167,"skim milk, soluble corn fiber, erythritol, whey, cream, sugar, vegetable gum, guar gum, carob bean gum, natural flavor, artificial color, vitamin a palmitate"
Breyers,French Vanilla,4.5,101,"milk, cream, sugar, corn syrup, egg yolk, whey, vegetable gum, carob bean gum, tara gum, guar gum, monoglycerides, diglycerides, natural flavor, artificial color, salt"
Breyers,Carbsmart Vanilla,4.0,157,"milk, water, maltitol syrup, cream, polydextrose, glycerin, coconut oil, whey, soluble corn fiber, vegetable gum, guar gum, carob bean gum, monoglycerides, diglycerides, natural flavor, acesulfame potassium, sucralose"
Breyers,Lactose Free Vanilla,3.9,60,"skim milk, sugar, corn syrup, cream, whey, vegetable gum, carob bean gum, guar gum, tara gum, monoglycerides, diglycerides, natural flavor, lactase, vitamin a palmitate"
Breyers,No Sugar Added Vanilla,4.4,18,"milk, maltitol syrup, maltodextrin, cream, whey, monoglycerides, diglycerides, vegetable gum, carob bean gum, guar gum, tara gum, natural flavor, acesulfame potassium, sucralose, vitamin a palmitate, artificial color"
Breyers,Oreo,4.2,216,"milk, oreo cookie, flour, wheat flour, niacin, reduced iron, thiamine mononitrate, riboflavin, folic acid, sugar, palm oil, canola oil, cocoa powder, inverted sugar syrup, leavening, baking soda, calcium phosphate, soybean lecithin, salt, chocolate, natural flavor, corn syrup, fructose, coconut oil, whey, cream, vegetable gum, guar gum, carob bean gum, monoglycerides, diglycerides"
Breyers,Oreo & Chips Ahoy! 2in1,4.2,109,"milk, corn syrup, oreo cookie, wheat flour, niacin, reduced iron, thiamine mononitrate, riboflavin, folic acid, sugar, palm oil, canola oil, cocoa powder, inverted sugar syrup, leavening, baking soda, calcium phosphate, soybean lecithin, salt, chocolate, natural flavor, fructose, cocoa butter, dextrose, artificial flavor, caramel, coconut oil, whey, cream, vegetable gum, guar gum, carob bean gum, monoglycerides, diglycerides, milk powder, butter, molasses, pectin, artificial color"
Breyers,Vanilla Caramel,4.2,37,"milk, cream, sugar, corn syrup, whey, skim milk, butter, salt, vegetable gum, molasses, pectin, natural flavor, lactic acid, potassium sorbate, soybean lecithin, water"
Breyers,Vanilla Caramel Gelato Indulgences,4.5,85,"skim milk, corn syrup, sugar, milk, coconut oil, whey, butter, cream, salt, milk fat, pectin, cocoa butter, vegetable gum, locust bean gum, guar gum, monoglycerides, diglycerides, natural flavor, soybean lecithin, sodium bicarbonate, cocoa powder, lactase, artificial color, pgpr, water"
Breyers,Chocolate Mint,4.1,38,"milk, cream, sugar, cocoa powder, corn syrup, whey, coconut oil, vegetable gum, carob bean gum, tara gum, guar gum, monoglycerides, diglycerides, salt, peppermint, natural flavor, soybean lecithin, artificial color"
Breyers,Peach,3.0,49,"milk, peaches, sugar, corn syrup, cream, whey, vegetable gum, carob bean gum, tara gum, guar gum, monoglycerides, diglycerides, natural flavor, vitamin a palmitate"
Breyers,Vanilla Fudge Twirl,4.0,22,"milk, sugar, corn syrup, cream, whey, cocoa powder, vegetable gum, carob bean gum, guar gum, tara gum, monoglycerides, diglycerides, vanilla, salt, natural flavor, vitamin a palmitate"
Breyers,Carbsmart Chocolate,4.0,49,"milk, maltitol syrup, water, cream, polydextrose, glycerin, cocoa powder, coconut oil, whey, soluble corn fiber, vegetable gum, guar gum, carob bean gum, monoglycerides, diglycerides, acesulfame potassium, sucralose, natural flavor"
Breyers,Carbsmart Peanut Butter,2.8,88,"milk, cream, sorbitol, maltodextrin, peanut, water, whey, glycerin, sugar, monoglycerides, diglycerides, caramel, vegetable gum, guar gum, carob bean gum, peanut oil, salt, acesulfame potassium, sucralose"
Breyers,Lactose Free Chocolate,4.7,24,"skim milk, sugar, corn syrup, cream, cocoa powder, whey, vegetable gum, carob bean gum, guar gum, tara gum, monoglycerides, diglycerides, salt, lactase, vitamin a palmitate, natural flavor"
Breyers,No Sugar Added Vanilla Chocolate Strawberry,4.3,34,"milk, maltitol syrup, maltodextrin, cream, whey, cocoa powder, monoglycerides, diglycerides, vegetable gum, carob bean gum, guar gum, tara gum, beet, natural flavor, acesulfame potassium, sucralose, salt, vitamin a palmitate, artificial color"
Breyers,Non-dairy Vanilla Peanut Butter,4.8,116,"almond milk, water, almonds, sugar syrup, sugar, peanut, coconut oil, corn syrup, pea protein, vegetable gum, carob bean gum, guar gum, monoglycerides, diglycerides, peanut oil, salt, natural flavor"
Breyers,Raspberry Cheesecake Gelato Indulgences,4.5,28,"milk, sugar, corn syrup, water, coconut oil, dextrose, cream cheese, cream, cheese culture, salt, carob bean gum, whey, raspberry, cane syrup, wheat flour, brown sugar, vegetable gum, guar gum, monoglycerides, diglycerides, natural flavor, honey, butter, egg, pectin, graham flour, beet, canola oil, baking soda, soybean lecithin, molasses, artificial color"
Breyers,Reese's,3.9,156,"milk, fudge swirl, corn syrup, water, sugar, cocoa powder, cornstarch, natural flavor, salt, lactic acid, potassium sorbate, reese's peanut butter, chocolate, cocoa butter, skim milk, milk fat, lactose, soybean lecithin, pgpr, peanut, dextrose, tbhq, citric acid, peanut oil, fructose, coconut oil, whey, cream, caramel, vegetable gum, guar gum, carob bean gum, monoglycerides, diglycerides"
Breyers,Reese's & Reese's Pieces 2in1,3.3,88,"milk, corn syrup, reese's peanut butter, chocolate, sugar, cocoa butter, skim milk, milk fat, lactose, soybean lecithin, pgpr, peanut, dextrose, salt, tbhq, citric acid, fructose, peanut oil, hydrogenated vegetable oil, palm oil, soybean, artificial color, cornstarch, confectioner's glaze, lecithin, carnauba wax, vanillin, coconut oil, whey, cream, cocoa powder, caramel, vegetable gum, guar gum, carob bean gum, monoglycerides, diglycerides, natural flavor"
Breyers,No Sugar Added Caramel Swirl,4.9,19,"milk, maltitol syrup, maltodextrin, cream, polydextrose, whey, coconut oil, butter, salt, monoglycerides, diglycerides, vegetable gum, carob bean gum, guar gum, tara gum, caramel, natural flavor, sucralose, soybean lecithin, acesulfame potassium, vitamin a palmitate, artificial color"
Breyers,Snickers,4.4,109,"skim milk, sugar, caramel, corn syrup, water, butter, cream, salt, condensed milk, carrageenan, natural flavor, sodium bicarbonate, snickers, chocolate, cocoa butter, lactose, milk fat, soybean lecithin, artificial flavor, peanut, palm oil, egg white, chocolatey coated peanut, coconut oil, milk powder, cocoa powder, vanillin, peanut oil, whey, vegetable gum, guar gum, carob bean gum, tara gum, monoglycerides, diglycerides, vanilla, artificial color, vitamin a palmitate"
Breyers,Snickers & M&m's 2in1,3.9,52,"skim milk, sugar, snickers, chocolate, cocoa butter, lactose, milk fat, soybean lecithin, artificial flavor, peanut, corn syrup, palm oil, salt, egg white, cream, m&m's minis chocolate with cocoa butter, cornstarch, artificial color, dextrin, whey, caramel, water, milk powder, butter, molasses, pectin, natural flavor, potassium sorbate, sodium citrate, lactic acid, cocoa powder, vegetable gum, guar gum, carob bean gum, tara gum, monoglycerides, diglycerides, vitamin a palmitate"
Breyers,Carbsmart Almond Bar,4.3,32,"milk, coconut oil, water, maltitol syrup, sugar, almonds, polydextrose, soybean oil, cocoa powder, sodium caseinate, whey, glycerin, calcium carbonate, cream, soluble corn fiber, natural flavor, vegetable gum, guar gum, carob bean gum, salt, soybean lecithin, sucralose, monoglycerides, diglycerides, acesulfame potassium"
Breyers,Heath & Waffle Cone 2in1,3.3,54,"milk, corn syrup, heath toffee bar, chocolate, sugar, cocoa butter, skim milk, milk fat, lactose, salt, soybean lecithin, natural flavor, vegetable oil, palm oil, sunflower oil, butter, almonds, fructose, fudge covered waffle cone pieces, fudge coating, coconut oil, cocoa powder, milk powder, vanilla, waffle cone pieces, wheat flour, soybean oil, whey, cream, vegetable gum, guar gum, carob bean gum, monoglycerides, diglycerides"
Breyers,No Sugar Added Butter Pecan,4.3,15,"milk, maltitol syrup, pecans, maltodextrin, cream, whey, monoglycerides, diglycerides, vegetable gum, carob bean gum, guar gum, tara gum, salt, peanut oil, butter, natural flavor, acesulfame potassium, sucralose, vitamin a palmitate"
Breyers,Carbsmart Vanilla Bar,4.2,24,"milk, coconut oil, water, maltitol syrup, sugar, polydextrose, soybean oil, cocoa powder, sodium caseinate, whey, glycerin, calcium carbonate, cream, soluble corn fiber, natural flavor, vegetable gum, guar gum, carob bean gum, salt, soybean lecithin, sucralose, monoglycerides, diglycerides, acesulfame potassium"
Breyers,Heath,3.3,36,"milk, caramel, sugar, water, corn syrup, milk powder, butter, cream, salt, molasses, pectin, soybean lecithin, natural flavor, potassium sorbate, sodium citrate, lactic acid, heath toffee bar, chocolate, cocoa butter, skim milk, milk fat, lactose, vegetable oil, palm oil, sunflower oil, almonds, fructose, coconut oil, whey, vegetable gum, carob bean gum, guar gum, monoglycerides, diglycerides"
Breyers,Butter Pecan,2.6,74,"milk, sugar, corn syrup, cream, pecans, whey, vegetable gum, carob bean gum, guar gum, tara gum, monoglycerides, diglycerides, salt, peanut oil, butter, natural flavor, lactase, artificial color, vitamin a palmitate"
Breyers,Carbsmart Fudge Bar,4.4,34,"milk, water, maltitol syrup, polydextrose, coconut oil, cocoa powder, whey, glycerin, cream, soluble corn fiber, vegetable gum, guar gum, carob bean gum, monoglycerides, diglycerides, acesulfame potassium, sucralose, natural flavor"
Breyers,Carbsmart Mint Fudge Bar,4.6,20,"milk, water, fudge swirl, corn syrup, sugar, cocoa powder, cornstarch, natural flavor, salt, lactic acid, potassium sorbate, maltitol syrup, polydextrose, coconut oil, whey, glycerin, cream, soluble corn fiber, vegetable gum, carob bean gum, guar gum, monoglycerides, diglycerides, acesulfame potassium, artificial color, sucralose"
Breyers,Oreo Snack Cups 10ct,5.0,2,"skim milk, sugar syrup, sugar, water, cream, corn syrup, oreo cookie, flour, wheat flour, niacin, reduced iron, thiamine mononitrate, riboflavin, folic acid, palm oil, canola oil, cocoa powder, leavening, baking soda, calcium phosphate, salt, soybean lecithin, chocolate, artificial flavor, whey, propylene glycol monoesters, monoglycerides, diglycerides, vegetable gum, natural flavor, cellulose gum, carrageenan, vitamin a palmitate"
Breyers,Reese's Chocolate,4.2,142,"milk, corn syrup, reese's peanut butter, chocolate, sugar, cocoa butter, skim milk, milk fat, lactose, soybean lecithin, pgpr, peanut, dextrose, salt, tbhq, citric acid, peanut oil, fructose, coconut oil, cocoa powder, whey, cream, vegetable gum, guar gum, carob bean gum, monoglycerides, diglycerides, natural flavor"
Breyers,Waffle Cone,3.6,20,"milk, corn syrup, caramel, sugar, water, milk powder, butter, cream, salt, molasses, pectin, soybean lecithin, natural flavor, potassium sorbate, sodium citrate, lactic acid, fudge covered waffle cone pieces, fudge coating, coconut oil, cocoa powder, milk fat, vanilla, waffle cone pieces, wheat flour, soybean oil, fructose, chocolate, whey, vegetable gum, guar gum, carob bean gum, monoglycerides, diglycerides"
Breyers,Creamsicle,3.8,26,"milk, corn syrup, sugar, cream, fructose, coconut oil, orange, whey, vegetable gum, carob bean gum, guar gum, monoglycerides, diglycerides, citric acid, natural flavor, artificial color"
Breyers,New York Style Cheesecake,3.3,36,"skim milk, strawberry, water, sugar, corn syrup, dextrose, beet, citric acid, malic acid, vegetable gum, carob bean gum, guar gum, natural flavor, pectin, ascorbic acid, artificial color, cheesecake, cream cheese, milk, cream, cheese culture, salt, egg, graham crumb, wheat flour, wheat graham flour, canola oil, molasses, honey, sodium bicarbonate, cornstarch, palm oil, sweetened lemon zest, lemon peel, lemon oil, fructose, cane syrup, coconut oil, whey, monoglycerides, diglycerides"
Breyers,Rocky Road,3.0,42,"skim milk, corn syrup, water, sugar, fructose, coconut oil, cocoa powder, cream, whey, almonds, peanut oil, vegetable gum, guar gum, carob bean gum, monoglycerides, diglycerides, salt, soybean lecithin, butter, natural flavor, carrageenan"
Breyers,Cherry Vanilla,3.0,40,"milk, sugar, corn syrup, cherry, cream, whey, water, plum, black carrot, vegetable gum, carob bean gum, guar gum, tara gum, monoglycerides, diglycerides, citric acid, vanilla, natural flavor, carrageenan, vitamin a palmitate"
Breyers,Cookies & Cream,4.1,22,"milk, sugar, corn syrup, cream, wheat flour, palm oil, whey, cocoa powder, vegetable gum, carob bean gum, guar gum, tara gum, monoglycerides, diglycerides, natural flavor, salt, sodium bicarbonate, soybean lecithin, molasses, vitamin a palmitate"
Breyers,Chocolate Chip Cookie Dough,1.2,89,"milk, sugar, corn syrup, cream, wheat flour, niacin, reduced iron, thiamine mononitrate, riboflavin, folic acid, whey, palm oil, coconut oil, cocoa powder, soybean oil, chocolate, rice flour, cocoa butter, molasses, salt, natural flavor, vegetable gum, carob bean gum, guar gum, tara gum, monoglycerides, diglycerides, baking soda, vanilla, milk fat, soybean lecithin, artificial color, vitamin a palmitate"
Breyers,Non-dairy Oreo Cookies & Cream,4.5,157,"almond milk, water, almonds, sugar syrup, sugar, oreo cookie, flour, wheat flour, niacin, reduced iron, thiamine mononitrate, riboflavin, folic acid, palm oil, canola oil, cocoa powder, inverted sugar syrup, leavening, baking soda, calcium phosphate, soybean lecithin, salt, chocolate, natural flavor, coconut oil, corn syrup, pea protein, vegetable gum, carob bean gum, guar gum, monoglycerides, diglycerides"
Breyers,Coffee,2.4,52,"milk, corn syrup, sugar, cream, coffee, whey, vegetable gum, carob bean gum, tara gum, guar gum, monoglycerides, diglycerides, natural flavor, vitamin a palmitate, artificial color"
Breyers,Vanilla Chocolate,4.6,95,"milk, cream, sugar, whey, cocoa powder, vegetable gum, tara gum, carob bean gum, natural flavor"
Breyers,Chocolate Chip,3.8,30,"skim milk, corn syrup, sugar, fructose, coconut oil, cocoa powder, cream, whey, monoglycerides, diglycerides, vegetable gum, guar gum, carob bean gum, milk fat, vanilla, natural flavor, soybean lecithin"
Breyers,Extra Creamy Chocolate,3.1,13,"milk, sugar, corn syrup, cream, cocoa powder, whey, vegetable gum, carob bean gum, guar gum, tara gum, monoglycerides, diglycerides, vitamin a palmitate, natural flavor"
Breyers,Black Raspberry Chocolate,4.4,38,"milk, sugar, corn syrup, cream, black raspberry, raspberry, coconut oil, whey, cocoa powder, water, fruit, vegetable, vegetable gum, carob bean gum, guar gum, tara gum, natural flavor, citric acid, monoglycerides, diglycerides, pectin, soybean lecithin, vitamin a palmitate"
Breyers,Chocolate Truffle,4.5,45,"milk, cream, sugar, cocoa powder, corn syrup, coconut oil, whey, canola oil, vegetable gum, carob bean gum, tara gum, guar gum, monoglycerides, diglycerides, salt, soybean lecithin, natural flavor, artificial color"
Breyers,Salted Caramel,3.9,20,"milk, corn syrup, sugar, cream, whey, butter, salt, skim milk, vegetable gum, carob bean gum, tara gum, guar gum, monoglycerides, diglycerides, caramel, carrageenan, sodium bicarbonate, natural flavor, vitamin a palmitate, artificial color, water"
Breyers,Ice Cream Cake,4.1,69,"milk, sugar, chocolate cookie, flour, wheat flour, niacin, reduced iron, thiamine mononitrate, riboflavin, folic acid, vegetable oil, palm oil, soybean oil, cocoa powder, cane syrup, vanilla, cornstarch, sodium bicarbonate, salt, soybean lecithin, coconut oil, natural flavor, corn syrup, cream, whey, vegetable gum, carob bean gum, guar gum, tara gum, monoglycerides, diglycerides, vitamin a palmitate"
Breyers,Coconut Fudge,4.4,19,"skim milk, corn syrup, water, fructose, sugar, coconut oil, coconut, cocoa powder, cream, whey, vegetable gum, guar gum, carob bean gum, monoglycerides, diglycerides, chocolate, cocoa butter, milk fat, natural flavor, soybean lecithin, pgpr"
Breyers,Chocolate Peanut Butter,4.4,143,"milk, cream, sugar, peanut, corn syrup, cocoa powder, whey, salt, peanut oil, vegetable gum, carob bean gum, tara gum, guar gum, monoglycerides, diglycerides, natural flavor, artificial color"
Breyers,Natural Vanilla Snack Cups 10ct,4.6,28,"milk, cream, sugar, water, vegetable gum, natural flavor"
Breyers,Butterscotch Blondie,3.5,20,"milk, sugar, corn syrup, cream, brown sugar, wheat flour, whey, egg, butter, salt, soybean oil, vegetable gum, carob bean gum, guar gum, tara gum, monoglycerides, diglycerides, caramel, natural flavor, baking powder, sodium acid pyrophosphate, sodium bicarbonate, cornstarch, monocalcium phosphate, vitamin a palmitate"
Breyers,Chocolate Snack Cups 10ct,4.9,26,"milk, cream, sugar, water, cocoa powder, whey, vegetable gum, natural flavor"
Breyers,Cinnabon,4.0,28,"milk, corn syrup, sugar, brown sugar, soybean oil, water, butter, cream, salt, spices, soybean lecithin, vanilla, cane syrup, wheat flour, coconut oil, molasses, sodium bicarbonate, fructose, whey, vegetable gum, guar gum, carob bean gum, monoglycerides, diglycerides, natural flavor"
Breyers,Carbsmart Caramel Swirl Bar,4.7,18,"milk, water, caramel, sugar, corn syrup, milk powder, butter, cream, salt, molasses, pectin, soybean lecithin, natural flavor, potassium sorbate, sodium citrate, lactic acid, maltitol syrup, polydextrose, coconut oil, whey, glycerin, soluble corn fiber, vegetable gum, carob bean gum, guar gum, monoglycerides, diglycerides, acesulfame potassium, sucralose"
Breyers,Layered Dessert S'mores,2.5,31,"milk, corn syrup, sugar, wheat flour, butter, cream, salt, palm oil, skim milk, water, rice flour, natural flavor, molasses, spices, baking soda, soybean lecithin, fructose, coconut oil, cocoa powder, whey, vegetable gum, guar gum, carob bean gum, monoglycerides, diglycerides, vanilla"
Breyers,Layered Dessert Peach Cobbler,3.2,38,"milk, corn syrup, wheat flour, niacin, reduced iron, thiamine mononitrate, riboflavin, folic acid, sugar, butter, cream, salt, canola oil, milk powder, sodium bicarbonate, peaches, fructose, coconut oil, whey, vegetable gum, guar gum, carob bean gum, tara gum, monoglycerides, diglycerides, natural flavor, vanilla, artificial color"
Breyers,Layered Dessert Brownie Cheesecake,2.8,25,"milk, corn syrup, sugar, wheat flour, niacin, reduced iron, thiamine mononitrate, riboflavin, folic acid, cornstarch, cocoa powder, water, palm oil, soybean oil, milk powder, soybean lecithin, natural flavor, fructose, cheesecake, cream cheese, cream, cheese culture, salt, carob bean gum, egg, graham crumb, wheat graham flour, canola oil, molasses, honey, sodium bicarbonate, sweetened lemon zest, lemon peel, lemon oil, guar gum, coconut oil, whey, cane syrup, vegetable gum, monoglycerides, diglycerides, pectin, artificial color"
